{"_runtime": 0.186666924, "prompt_length/min": 172, "perf/max_memory_allocated_gb": 146.11183500289917, "response_length/max": 512, "prompt_length/max": 2582, "actor/ppo_kl": -7.700181803167133e-06, "episode/reward/min": 0, "perf/time_per_step": 343.5473375432193, "training/rollout_probs_diff_mean": 0.004902190994471312, "actor/kl_loss": 0.5544626116752625, "timing_s/gen": 288.3985407790169, "global_seqlen/mean": 339861.25, "timing_s/reward": 0.37894293386489153, "merged_step": 198, "training/rollout_probs_diff_std": 0.014183131977915764, "critic/returns/mean": -0.08374274522066116, "global_seqlen/min": 313259, "response_length/min": 244, "actor/entropy_loss": 0.27604982256889343, "actor/pg_clipfrac": 0.0042966283092807445, "perf/throughput": 989.2705105224237, "perf/max_memory_reserved_gb": 206.396484375, "timing_s/adv": 0.10341258998960257, "timing_per_token_ms/gen": 0.8359499145756226, "episode/valid_action_ratio": 0.9207589030265808, "critic/rewards/min": -0.10000000149011612, "training/epoch": 168, "critic/score/mean": 5.416182994842529, "_step": 198, "critic/score/min": -0.10000000149011612, "episode/webshop_task_score (not success_rate)": 0.8013504464285715, "global_seqlen/balanced_min": 339861, "training/rollout_probs_diff_max": 1, "global_seqlen/max": 356256, "global_seqlen/minmax_diff": 42997, "timing_per_token_ms/ref": 0.006457691425882583, "response_length/mean": 385.0390625, "_timestamp": 1780999740.2150514, "prompt_length/mean": 1132.1986083984375, "episode/length/max": 15, "critic/returns/min": -10.74679946899414, "response_length/clip_ratio": 0.0814732164144516, "perf/total_num_tokens": 1359445, "timing_s/update_actor": 36.56009229179472, "timing_per_token_ms/adv": 7.60697122646393e-05, "episode/length/min": 3, "critic/rewards/mean": 5.416182994842529, "timing_s/ref": 8.778876320458949, "prompt_length/clip_ratio": 0, "timing_s/step": 343.5473375432193, "critic/advantages/max": 11.248550415039062, "critic/score/max": 10, "actor/pg_clipfrac_lower": 0, "timing_s/old_log_prob": 9.1103445449844, "perf/cpu_memory_used_gb": 440.3345642089844, "global_seqlen/balanced_max": 339862, "episode/reward/mean": 6.71875, "episode/tool_call_count/mean": 0, "episode/reward/max": 10, "timing_per_token_ms/update_actor": 0.02689339568117483, "actor/grad_norm": 2.444057945162058, "episode/length/mean": 6.7421875, "actor/pg_loss": 0.3323900416019439, "critic/rewards/max": 10, "step": 198, "training/global_step": 198, "critic/advantages/min": -10.74679946899414, "episode/success_rate": 0.671875, "critic/returns/max": 11.248550415039062, "perf/mfu/actor": 0.2779306394866579, "actor/kl_coef": 0.01, "actor/lr": 1e-06, "critic/advantages/mean": -0.08374274522066116, "val/text/tool_call_count/mean": 0, "val/success_rate": 0.46875, "val/text/test_score": 3.7651821862348176, "val/webshop_task_score (not success_rate)": 0.6635653409090909, "timing_s/testing": 290.3592583583668, "timing_s/save_checkpoint": 14.685776217840612}