{"_runtime": 10717.14853671, "training/epoch": 28, "episode/tool_call_count/mean": 0, "timing_per_token_ms/values": 0.010737956565805276, "_step": 148, "training/rollout_probs_diff_max": 0.5617382526397705, "critic/rewards/max": 10.899999618530273, "response_length/mean": 202.55555725097656, "episode/reward/min": -1.500000238418579, "_timestamp": 1779603833.7719495, "global_seqlen/mean": 337280, "episode/valid_action_ratio": 0.5933159589767456, "perf/mfu/critic": 0.12287140385812578, "critic/vf_explained_var": 0.3646169900894165, "episode/length/min": 1, "timing_per_token_ms/ref": 0.013058354739506808, "training/global_step": 148, "critic/values/max": 10.9375, "response_length/min": 1, "actor/grad_norm": 1.4239015016290877, "episode/length/max": 15, "episode/success_rate": 0.60546875, "timing_per_token_ms/update_actor": 0.04380430294040845, "timing_per_token_ms/adv": 0.00013293328761021286, "perf/time_per_step": 349.5378761240281, "critic/lr": 1e-05, "perf/max_memory_reserved_gb": 125.76953125, "actor/lr": 1e-06, "actor/pg_clipfrac": 0.021352335175227683, "critic/score/mean": 2.497439384460449, "critic/advantages/max": 2.68135929107666, "critic/returns/max": 10.899999618530273, "actor/ppo_kl": 0.004956558753898814, "critic/returns/mean": 2.247313976287842, "critic/values/mean": 3.0625, "timing_s/update_critic": 37.654304841998965, "global_seqlen/balanced_min": 337280, "global_seqlen/balanced_max": 337280, "timing_s/adv": 0.17934295698069036, "critic/vf_loss": 21.63607627650102, "critic/vf_clipfrac": 0.18755881647545417, "actor/kl_coef": 0.01, "critic/score/max": 10.899999618530273, "critic/rewards/min": -1.600000262260437, "critic/returns/min": -1.6000003814697266, "episode/reward/max": 10.899999618530273, "timing_per_token_ms/gen": 0.4316681190626592, "global_seqlen/max": 339160, "global_seqlen/minmax_diff": 3932, "critic/advantages/mean": -8.631720227469941e-09, "response_length/clip_ratio": 0.0390625, "prompt_length/mean": 383, "episode/reward/mean": 5.760158061981201, "perf/total_num_tokens": 1349120, "global_seqlen/min": 335228, "actor/kl_loss": 0.4106917381286621, "actor/pg_loss": -0.012209819578048255, "prompt_length/min": 383, "perf/throughput": 964.9311935520299, "actor/entropy_loss": 0.6933584809303284, "training/rollout_probs_diff_std": 0.012842115946114063, "critic/vpred_mean": 3.2369918604106513, "critic/grad_norm": 75.418298429913, "actor/pg_clipfrac_lower": 0.00020976327505195513, "perf/mfu/actor": 0, "critic/values/min": -0.625, "timing_s/update_actor": 59.09726118296385, "critic/score/min": -1.600000262260437, "critic/advantages/min": -2.640512704849243, "episode/length/mean": 9, "timing_s/ref": 17.617287546163425, "timing_s/values": 14.486791962059215, "timing_per_token_ms/update_critic": 0.027910271022591738, "perf/cpu_memory_used_gb": 215.65225982666016, "critic/rewards/mean": 2.497439384460449, "response_length/max": 512, "prompt_length/max": 383, "timing_s/step": 349.5378761240281, "training/rollout_probs_diff_mean": 0.005841400939971209, "perf/max_memory_allocated_gb": 94.4132833480835, "prompt_length/clip_ratio": 0, "timing_s/gen": 201.4543311491143, "timing_s/reward": 0.35019366000778973, "timing_s/old_log_prob": 18.017461619805545, "timing_s/testing": 172.6567216149997, "val/visual/tool_call_count/mean": 0, "val/visual/test_score": 3.9874999173558674, "val/success_rate": 0.765625, "timing_s/save_checkpoint": 19.098340946948156}