{"_runtime": 0.220345586, "actor/ppo_kl": 0.0009540043174638413, "critic/returns/min": -0.10000002384185791, "timing_s/gen": 258.95197457261384, "actor/entropy_loss": 0.40433794260025024, "global_seqlen/min": 753625, "timing_per_token_ms/update_critic": 0.011218657445229686, "episode/valid_action_ratio": 0.6460336446762085, "episode/success_rate": 0.1640625, "episode/length/mean": 12.1953125, "timing_per_token_ms/gen": 0.34607866206115884, "critic/score/mean": 0.793930172920227, "_step": 198, "prompt_length/mean": 1447.2012939453125, "episode/length/max": 15, "critic/returns/mean": 0.6117725372314453, "merged_step": 198, "critic/values/mean": 0.6875, "actor/pg_loss": 0.018521632166364446, "critic/vpred_mean": 0.7250286565842823, "response_length/max": 512, "critic/vf_explained_var": 0.590506911277771, "perf/cpu_memory_used_gb": 406.94079208374023, "critic/advantages/mean": 1.1437780500500594e-08, "training/rollout_probs_diff_std": 0.013980711810290813, "training/rollout_probs_diff_max": 0.43691378831863403, "training/global_step": 198, "timing_per_token_ms/ref": 0.006522185096980845, "timing_per_token_ms/adv": 4.325356471672955e-05, "episode/webshop_task_score (not success_rate)": 0.25816282242063493, "global_seqlen/max": 835611, "episode/reward/max": 10, "episode/reward/min": 0, "critic/rewards/mean": 0.793930172920227, "timing_s/update_actor": 83.94136004894972, "critic/advantages/max": 6.310388088226318, "critic/advantages/min": -6.413729667663574, "actor/kl_loss": 0.1626632809638977, "critic/rewards/max": 10, "actor/pg_clipfrac_lower": 0, "critic/lr": 1e-05, "global_seqlen/mean": 789097.25, "critic/grad_norm": 33.33414895193918, "timing_s/update_critic": 35.410446954891086, "perf/time_per_step": 430.21577757783234, "training/epoch": 93, "episode/reward/mean": 1.640625, "critic/rewards/min": -0.10000000149011612, "timing_s/old_log_prob": 21.12914288789034, "global_seqlen/balanced_max": 789098, "critic/score/max": 10, "episode/tool_call_count/mean": 0, "timing_s/reward": 0.6833890434354544, "timing_s/ref": 20.58655329607427, "critic/returns/max": 10, "timing_per_token_ms/values": 0.0028953918131398556, "episode/length/min": 3, "timing_s/values": 9.138982869684696, "prompt_length/max": 2770, "training/rollout_probs_diff_mean": 0.006244766525924206, "actor/kl_coef": 0.01, "timing_s/adv": 0.13652507588267326, "global_seqlen/balanced_min": 789097, "actor/pg_clipfrac": 0.009785753549434818, "perf/max_memory_reserved_gb": 204.861328125, "critic/score/min": -0.10000000149011612, "response_length/clip_ratio": 0.36057692766189575, "critic/vf_loss": 1.9501473470232809, "perf/mfu/actor": 0.28807269639399835, "response_length/min": 220, "global_seqlen/minmax_diff": 81986, "response_length/mean": 449.66705322265625, "perf/total_num_tokens": 3156389, "perf/throughput": 1834.1894721823417, "critic/values/min": -0.058349609375, "prompt_length/clip_ratio": 0, "timing_per_token_ms/update_actor": 0.026594111197621624, "timing_s/step": 430.21577757783234, "actor/grad_norm": 0.863088207585471, "critic/vf_clipfrac": 0.012357244930731563, "actor/lr": 1e-06, "perf/max_memory_allocated_gb": 143.29616689682007, "perf/mfu/critic": 0.30906815319411163, "step": 198, "_timestamp": 1780999743.010697, "prompt_length/min": 168, "critic/values/max": 11.1875, "timing_s/testing": 260.3247859980911, "val/webshop_task_score (not success_rate)": 0.2740389384920635, "val/text/test_score": 0.7766990291262136, "val/success_rate": 0.1640625, "val/text/tool_call_count/mean": 0, "timing_s/save_checkpoint": 18.124326407909393}