{"_runtime": 0.649982011, "critic/rewards/min": -0.10000000149011612, "perf/mfu/actor": 0.26416415497406187, "critic/values/min": 0.37890625, "timing_s/update_actor": 19.19172707758844, "response_length/mean": 13.581250190734863, "episode/success_rate": 0.953125, "training/rollout_probs_diff_mean": 0.00045608339132741094, "perf/time_per_step": 147.41966864280403, "timing_per_token_ms/values": 0.0034663804191940434, "critic/returns/mean": 6.625, "timing_s/old_log_prob": 4.793644582852721, "critic/vpred_mean": 6.745674061775207, "perf/max_memory_allocated_gb": 123.21714496612549, "episode/pick_cool_then_place_in_recep_success_rate": 0.92, "critic/score/max": 9.899999618530273, "critic/advantages/mean": 0.00054168701171875, "actor/grad_norm": 0.41721572279930114, "critic/grad_norm": 66.73154830932617, "critic/vf_clipfrac": 0.08810397563502192, "timing_s/reward": 0.21032550372183323, "episode/reward/min": 0, "critic/values/max": 11.125, "episode/length/max": 50, "global_seqlen/balanced_max": 180895, "global_seqlen/min": 177107, "training/rollout_probs_diff_std": 0.003803305560722947, "timing_per_token_ms/adv": 0.00018081044617923952, "timing_s/update_critic": 8.827332939952612, "timing_per_token_ms/ref": 0.006489514649356608, "critic/vf_loss": 0.9514775708317756, "episode/pick_clean_then_place_in_recep_success_rate": 0.8823529411764706, "critic/score/min": -0.10000000149011612, "episode/tool_call_count/mean": 0, "training/epoch": 168, "actor/kl_coef": 0.01, "critic/rewards/mean": 7.556250095367432, "timing_per_token_ms/gen": 6.147929724092431, "actor/lr": 1e-06, "perf/max_memory_reserved_gb": 168.28125, "timing_s/adv": 0.13083064183592796, "actor/pg_clipfrac": 0.021875, "timing_per_token_ms/update_actor": 0.026523333426741846, "critic/lr": 1e-05, "critic/returns/max": 10, "training/global_step": 198, "timing_per_token_ms/update_critic": 0.012199542745094332, "actor/pg_loss": -0.0026339356787502765, "global_seqlen/balanced_min": 180894, "actor/ppo_kl": 0.0013713995748844353, "global_seqlen/minmax_diff": 10585, "timing_s/gen": 106.87561032362282, "response_length/max": 21, "step": 198, "prompt_length/max": 1257, "timing_s/ref": 4.6956765204668045, "episode/length/mean": 9.9921875, "critic/advantages/max": 6.90625, "episode/reward/mean": 9.53125, "actor/pg_clipfrac_lower": 0, "merged_step": 198, "_timestamp": 1780997949.117231, "timing_s/values": 2.508200077340007, "episode/reward/max": 10, "global_seqlen/max": 187692, "episode/look_at_obj_in_light_success_rate": 1, "critic/advantages/min": -4.625, "perf/total_num_tokens": 723579, "critic/vf_explained_var": 0.890625, "actor/kl_loss": 1.3427977561950684, "perf/throughput": 1227.0733726739386, "perf/cpu_memory_used_gb": 160.76105117797852, "response_length/min": 8, "perf/mfu/critic": 0.26539622036947824, "global_seqlen/mean": 180894.75, "actor/entropy_loss": 0.03086612932384014, "prompt_length/mean": 551.71484375, "episode/pick_and_place_success_rate": 0.9583333333333334, "prompt_length/clip_ratio": 0, "critic/score/mean": 7.556250095367432, "episode/length/min": 3, "_step": 198, "critic/rewards/max": 9.899999618530273, "episode/pick_heat_then_place_in_recep_success_rate": 0.9411764705882353, "episode/pick_two_obj_and_place_success_rate": 1, "timing_s/step": 147.41966864280403, "episode/valid_action_ratio": 0, "training/rollout_probs_diff_max": 0.19252000749111176, "response_length/clip_ratio": 0, "critic/returns/min": 0, "prompt_length/min": 238, "critic/values/mean": 7.0625, "val/pick_and_place_success_rate": 1, "val/pick_two_obj_and_place_success_rate": 1, "val/look_at_obj_in_light_success_rate": 1, "val/pick_heat_then_place_in_recep_success_rate": 0.7, "val/text/tool_call_count/mean": 0, "val/success_rate": 0.9609375, "val/pick_clean_then_place_in_recep_success_rate": 1, "val/text/test_score": 7.897392767031119, "val/pick_cool_then_place_in_recep_success_rate": 0.8666666666666667, "timing_s/testing": 103.4780868217349, "timing_s/save_checkpoint": 16.359316308051348}