{"_runtime": 0.118804116, "critic/vf_clipfrac": 0, "training/global_step": 18, "critic/rewards/max": 9.899999618530273, "critic/rewards/min": -0.10000000149011612, "global_seqlen/min": 912777, "episode/reward/min": 0, "timing_per_token_ms/update_critic": 0.011432406129458615, "critic/values/mean": -0.1474609375, "episode/reward/mean": 0.078125, "actor/entropy_loss": 0.4170854389667511, "timing_per_token_ms/gen": 0.4227246108510289, "timing_s/update_actor": 105.11885041370988, "timing_s/values": 11.254849515855312, "timing_s/step": 478.9415384288877, "training/rollout_probs_diff_max": 0.9997961521148682, "prompt_length/max": 2633, "critic/advantages/mean": 9.359793828878082e-09, "perf/total_num_tokens": 3848873, "timing_s/adv": 0.16050821729004383, "training/rollout_probs_diff_mean": 0.007752301171422005, "actor/kl_coef": 0.01, "merged_step": 18, "prompt_length/min": 169, "critic/values/max": 0.0113525390625, "critic/lr": 1e-05, "response_length/mean": 327.2171936035156, "step": 18, "episode/length/mean": 14.640625, "global_seqlen/balanced_max": 962219, "critic/returns/max": 9.899999618530273, "episode/webshop_task_score (not success_rate)": 0.025303199404761903, "critic/vpred_mean": -0.08917597743372123, "timing_s/old_log_prob": 26.217172719538212, "timing_s/ref": 25.4990002438426, "timing_per_token_ms/update_actor": 0.02731159235799931, "critic/rewards/mean": -0.08437502384185791, "episode/tool_call_count/mean": 0, "global_seqlen/balanced_min": 962218, "actor/ppo_kl": 0.0006422756933413136, "timing_per_token_ms/values": 0.00292419352778211, "actor/pg_clipfrac_lower": 4.897059019034108e-05, "training/epoch": 17, "perf/mfu/actor": 0.28296715654983523, "critic/score/min": -0.10000000149011612, "episode/reward/max": 10, "episode/length/max": 15, "actor/lr": 1e-06, "critic/returns/mean": -0.08963801711797714, "response_length/max": 512, "prompt_length/mean": 1677.4041748046875, "perf/max_memory_allocated_gb": 143.35836696624756, "training/rollout_probs_diff_std": 0.01686158962547779, "prompt_length/clip_ratio": 0, "critic/advantages/min": -0.5256087183952332, "response_length/min": 1, "critic/vf_loss": 0.3702703292151758, "timing_s/gen": 265.57969583943486, "perf/time_per_step": 478.9415384288877, "_timestamp": 1780999743.273806, "episode/valid_action_ratio": 0, "global_seqlen/minmax_diff": 93677, "perf/mfu/critic": 0.30555611702643604, "global_seqlen/max": 1006454, "perf/cpu_memory_used_gb": 244.81487274169922, "critic/score/mean": -0.08437502384185791, "critic/vf_explained_var": 0.0016887784004211426, "_step": 18, "timing_per_token_ms/ref": 0.006625056281109458, "critic/score/max": 9.899999618530273, "global_seqlen/mean": 962218.25, "actor/grad_norm": 0.6037969160825014, "timing_s/reward": 0.8349238783121109, "critic/values/min": -0.3515625, "critic/grad_norm": 5.483388513326645, "actor/pg_clipfrac": 0.008547130537529786, "perf/max_memory_reserved_gb": 197.966796875, "actor/kl_loss": 0.02423463575541973, "timing_per_token_ms/adv": 4.1702653553402215e-05, "critic/returns/min": -0.10000000149011612, "episode/success_rate": 0.0078125, "perf/throughput": 2009.051570587186, "timing_s/update_critic": 44.00187927670777, "critic/advantages/max": 31.17499542236328, "response_length/clip_ratio": 0.4776041805744171, "actor/pg_loss": -0.08391088787466287, "episode/length/min": 3, "val/success_rate": 0, "val/webshop_task_score (not success_rate)": 0.034077380952380956, "val/text/test_score": 0, "timing_s/testing": 271.88780942745507, "val/text/tool_call_count/mean": 0, "timing_s/save_checkpoint": 18.258136777207255}