{"_runtime": 1.101724972, "critic/vpred_mean": 1.339468518838387, "timing_per_token_ms/values": 0.002999751317710061, "global_seqlen/balanced_min": 1022339, "response_length/clip_ratio": 0.20544762909412384, "timing_s/step": 745.0569722671062, "global_seqlen/mean": 1022339.5, "training/rollout_probs_diff_mean": 0.005653316155076027, "episode/length/mean": 36.0703125, "prompt_length/min": 238, "perf/max_memory_reserved_gb": 172.037109375, "timing_s/values": 12.26705704908818, "actor/kl_coef": 0.01, "timing_s/update_critic": 46.542434251867235, "perf/mfu/critic": 0.28660072688559785, "episode/look_at_obj_in_light_success_rate": 0.23529411764705882, "critic/returns/min": -0.10000038146972656, "global_seqlen/minmax_diff": 36540, "response_length/min": 1, "perf/throughput": 1372.1628520422555, "global_seqlen/max": 1033062, "timing_per_token_ms/adv": 9.101414777427317e-05, "perf/total_num_tokens": 4089358, "actor/pg_clipfrac_lower": 3.642426305010009e-05, "episode/pick_two_obj_and_place_success_rate": 0.03571428571428571, "training/rollout_probs_diff_max": 0.43971705436706543, "episode/success_rate": 0.3984375, "timing_s/old_log_prob": 25.573733534663916, "training/rollout_probs_diff_std": 0.01335636805742979, "training/epoch": 33, "critic/rewards/min": -0.10000000149011612, "merged_step": 198, "response_length/mean": 392.4657897949219, "actor/pg_clipfrac": 0.016813209972570877, "timing_s/ref": 25.02624575793743, "prompt_length/clip_ratio": 0, "critic/values/mean": 1.4921875, "critic/advantages/min": -4.080343723297119, "actor/kl_loss": 0.22469303011894226, "perf/time_per_step": 745.0569722671062, "episode/pick_clean_then_place_in_recep_success_rate": 0.20833333333333334, "step": 198, "episode/valid_action_ratio": 0.21051520109176636, "global_seqlen/balanced_max": 1022340, "episode/reward/max": 10, "_step": 198, "episode/length/min": 4, "perf/cpu_memory_used_gb": 143.45319747924805, "actor/lr": 1e-06, "actor/entropy_loss": 0.3538736402988434, "timing_s/reward": 1.1729950103908777, "critic/rewards/mean": 1.5870141983032227, "prompt_length/max": 1056, "global_seqlen/min": 996522, "critic/values/min": -0.466796875, "critic/rewards/max": 10, "episode/pick_heat_then_place_in_recep_success_rate": 0.7692307692307693, "prompt_length/mean": 470.9966125488281, "critic/lr": 1e-05, "critic/returns/max": 10, "critic/vf_clipfrac": 0.25060499812251374, "episode/pick_and_place_success_rate": 0.7777777777777778, "critic/score/mean": 1.5870141983032227, "actor/ppo_kl": 0.0024113771300894645, "critic/returns/mean": 1.3721022605895996, "episode/pick_cool_then_place_in_recep_success_rate": 0.5263157894736842, "episode/reward/min": 0, "timing_per_token_ms/ref": 0.006119847114861901, "episode/reward/mean": 3.984375, "actor/grad_norm": 0.8853315209087572, "critic/grad_norm": 118.78787110981189, "timing_s/adv": 0.3721894333139062, "timing_per_token_ms/gen": 0.28487113298929595, "perf/mfu/actor": 0.27934451480485245, "training/global_step": 198, "timing_per_token_ms/update_critic": 0.01138135478768727, "critic/advantages/mean": -3.2624818402382516e-08, "actor/pg_loss": 0.02632560792246934, "critic/values/max": 11, "timing_s/gen": 529.4951025675982, "critic/vf_loss": 4.930373941422315, "critic/score/max": 10, "episode/length/max": 50, "episode/tool_call_count/mean": 0, "timing_per_token_ms/update_actor": 0.025466805678761008, "critic/score/min": -0.10000000149011612, "critic/advantages/max": 4.27258825302124, "_timestamp": 1781000362.7910233, "critic/vf_explained_var": 0.5480464100837708, "perf/max_memory_allocated_gb": 123.60413360595703, "timing_s/update_actor": 104.14288553688675, "response_length/max": 512, "val/text/test_score": 2.3463559515649988, "val/pick_two_obj_and_place_success_rate": 0.043478260869565216, "timing_s/testing": 532.1024729600176, "val/text/tool_call_count/mean": 0, "val/pick_and_place_success_rate": 0.8, "val/pick_clean_then_place_in_recep_success_rate": 0.4, "val/pick_heat_then_place_in_recep_success_rate": 0.6, "val/success_rate": 0.4765625, "val/pick_cool_then_place_in_recep_success_rate": 0.5714285714285714, "val/look_at_obj_in_light_success_rate": 0.3333333333333333, "timing_s/save_checkpoint": 16.932817857712507}