{"_runtime": 0.703211054, "critic/advantages/min": -8.133769989013672, "critic/returns/mean": -0.00951192993670702, "episode/pick_heat_then_place_in_recep_success_rate": 0.4166666666666667, "global_seqlen/mean": 887191.75, "_step": 198, "timing_s/reward": 0.9290450499393046, "timing_per_token_ms/gen": 0.3272194857013676, "training/rollout_probs_diff_mean": 0.00640086131170392, "critic/returns/max": 3.185185670852661, "timing_s/gen": 466.90326697705314, "critic/advantages/max": 3.185185670852661, "critic/advantages/mean": -0.00951192993670702, "episode/pick_clean_then_place_in_recep_success_rate": 0.5, "timing_s/old_log_prob": 22.31197923095897, "training/rollout_probs_diff_std": 0.013293741270899773, "critic/returns/min": -8.133769989013672, "global_seqlen/min": 852914, "training/epoch": 48, "timing_s/update_actor": 85.03970341011882, "timing_per_token_ms/update_actor": 0.023963169013383752, "global_seqlen/balanced_min": 887191, "prompt_length/clip_ratio": 0, "global_seqlen/balanced_max": 887192, "perf/mfu/actor": 0.2968897786275761, "timing_per_token_ms/adv": 9.711297863044347e-05, "response_length/mean": 337.8032531738281, "_timestamp": 1780997948.3110557, "critic/score/max": 10, "episode/success_rate": 0.546875, "timing_s/ref": 21.909627674147487, "actor/pg_clipfrac_lower": 2.6127807249202197e-06, "actor/grad_norm": 0.42521410150563016, "prompt_length/max": 868, "episode/tool_call_count/mean": 0, "perf/time_per_step": 597.948179394938, "episode/reward/max": 10, "episode/pick_and_place_success_rate": 0.75, "actor/lr": 1e-06, "actor/entropy_loss": 0.580824077129364, "timing_s/step": 597.948179394938, "actor/kl_loss": 0.2511749565601349, "critic/score/min": -0.10000000149011612, "step": 198, "perf/total_num_tokens": 3548767, "prompt_length/mean": 502.3404235839844, "perf/max_memory_allocated_gb": 143.55839014053345, "episode/length/min": 3, "episode/reward/min": 0, "critic/rewards/max": 10, "perf/cpu_memory_used_gb": 140.32322692871094, "episode/length/max": 50, "critic/rewards/mean": 3.0135655403137207, "actor/ppo_kl": 0.001317901498899146, "perf/max_memory_reserved_gb": 214.017578125, "perf/throughput": 1483.7268187650418, "response_length/min": 157, "timing_per_token_ms/ref": 0.006173870438421989, "prompt_length/min": 284, "episode/length/mean": 32.4453125, "training/global_step": 198, "response_length/clip_ratio": 0.0014204545877873898, "global_seqlen/max": 955135, "training/rollout_probs_diff_max": 0.7568141222000122, "critic/rewards/min": -0.10000000149011612, "episode/reward/mean": 5.46875, "merged_step": 198, "episode/valid_action_ratio": 0.9983428120613098, "actor/pg_loss": -0.00032743314901987713, "actor/pg_clipfrac": 0.0039108557534883875, "response_length/max": 512, "episode/look_at_obj_in_light_success_rate": 0.6666666666666666, "timing_s/adv": 0.344631333835423, "global_seqlen/minmax_diff": 102221, "actor/kl_coef": 0.01, "critic/score/mean": 3.0135655403137207, "episode/pick_two_obj_and_place_success_rate": 0.25, "episode/pick_cool_then_place_in_recep_success_rate": 0.5, "val/pick_and_place_success_rate": 0.7777777777777778, "val/pick_two_obj_and_place_success_rate": 0.2608695652173913, "val/text/test_score": 1.9956140350877194, "val/pick_cool_then_place_in_recep_success_rate": 0.30434782608695654, "val/look_at_obj_in_light_success_rate": 0.2857142857142857, "val/pick_heat_then_place_in_recep_success_rate": 0.5, "val/text/tool_call_count/mean": 0, "val/pick_clean_then_place_in_recep_success_rate": 0.34782608695652173, "val/success_rate": 0.4296875, "timing_s/testing": 464.8395742792636, "timing_s/save_checkpoint": 13.333089203108102}