{"_runtime": 13205.023761619, "critic/vf_clipfrac": 0.06581681643543329, "critic/rewards/min": -1.600000262260437, "_step": 44, "training/rollout_probs_diff_std": 0.009327618405222893, "perf/mfu/critic": 0.04583585959318271, "actor/pg_loss": -0.04846440968995399, "training/global_step": 44, "timing_s/reward": 0.48894148296676576, "timing_per_token_ms/adv": 0.00011066145471035127, "global_seqlen/max": 513714, "training/rollout_probs_diff_max": 0.20807766914367676, "actor/kl_coef": 0.01, "perf/cpu_memory_used_gb": 221.5910987854004, "critic/returns/mean": -0.681053102016449, "critic/values/min": -1.3828125, "response_length/min": 2, "timing_s/update_critic": 140.58451146096922, "global_seqlen/balanced_max": 490893, "actor/kl_loss": 0.23499664664268494, "perf/mfu/actor": 0, "prompt_length/min": 383, "episode/reward/mean": 2.184765338897705, "global_seqlen/minmax_diff": 45271, "critic/vpred_mean": -0.9261631704668732, "training/epoch": 29, "critic/score/max": 10.899999618530273, "critic/score/min": -1.600000262260437, "episode/reward/max": 10.899999618530273, "critic/advantages/mean": 8.367337378523132e-10, "episode/reward/min": -1.500000238418579, "episode/length/max": 15, "timing_per_token_ms/ref": 0.026986664218538063, "_timestamp": 1779515354.906562, "critic/score/mean": -0.2977063059806824, "critic/rewards/mean": -0.2977063059806824, "episode/length/min": 1, "episode/tool_call_count/mean": 0, "timing_s/gen": 203.80064941802993, "timing_s/values": 58.19217304699123, "timing_s/adv": 0.21729173394851387, "timing_per_token_ms/values": 0.02963587433870071, "training/rollout_probs_diff_mean": 0.005728079006075859, "actor/pg_clipfrac": 0.01856434310816149, "critic/vf_explained_var": 0.058392107486724854, "prompt_length/clip_ratio": 0, "episode/length/mean": 11.66796875, "perf/max_memory_allocated_gb": 109.83234214782715, "global_seqlen/balanced_min": 490893, "timing_s/old_log_prob": 24.56075736717321, "timing_s/step": 672.2503857910633, "timing_per_token_ms/update_critic": 0.07159631093790766, "critic/advantages/max": 3.8967301845550537, "prompt_length/max": 383, "perf/total_num_tokens": 1963572, "global_seqlen/mean": 490893, "critic/returns/min": -1.6000003814697266, "response_length/max": 512, "episode/success_rate": 0.3046875, "global_seqlen/min": 468443, "actor/pg_clipfrac_lower": 2.1395748146770007e-05, "critic/advantages/min": -0.6317284107208252, "critic/returns/max": 10.899999618530273, "response_length/clip_ratio": 0.18051861226558685, "timing_s/update_actor": 189.64682338712737, "perf/time_per_step": 672.2503857910633, "critic/rewards/max": 10.899999618530273, "response_length/mean": 269.7832336425781, "actor/ppo_kl": 0.004004384659310745, "actor/grad_norm": 1.5764066526230345, "actor/lr": 1e-06, "actor/entropy_loss": 1.9420640468597412, "episode/valid_action_ratio": 0.5435505509376526, "critic/vf_loss": 11.070864282271012, "critic/grad_norm": 61.942471230283694, "critic/lr": 1e-05, "perf/max_memory_reserved_gb": 149.490234375, "critic/values/max": -0.047119140625, "prompt_length/mean": 383, "critic/values/mean": -1.046875, "timing_s/ref": 52.990258232923225, "timing_per_token_ms/update_actor": 0.09658256656090398, "timing_per_token_ms/gen": 0.2511381889248534, "perf/throughput": 730.2234559855954, "val/visual/tool_call_count/mean": 0, "val/visual/test_score": -0.02544930916346476, "val/success_rate": 0.390625, "timing_s/testing": 171.20237697008997, "timing_s/save_checkpoint": 16.691682873060927}