{"_runtime": 31067.815680758, "timing_s/old_log_prob": 14.30704469117336, "timing_s/update_actor": 46.737843388924375, "timing_per_token_ms/gen": 0.48216503842883274, "perf/time_per_step": 317.0899005350657, "actor/grad_norm": 1.4071786914552962, "perf/max_memory_allocated_gb": 95.86011791229248, "critic/advantages/mean": -5.008625336699879e-08, "critic/returns/mean": 3.8540964126586914, "episode/length/min": 1, "timing_s/gen": 201.27834879700094, "global_seqlen/balanced_max": 275946, "critic/vf_loss": 24.336859497640813, "critic/lr": 1e-05, "actor/kl_coef": 0.01, "critic/values/mean": 3.3125, "response_length/clip_ratio": 0.1216517835855484, "timing_s/ref": 13.940903346054256, "timing_s/update_critic": 29.066340249963105, "global_seqlen/min": 269760, "global_seqlen/max": 285303, "training/global_step": 133, "critic/returns/min": -1.6000003814697266, "episode/success_rate": 0.7890625, "timing_per_token_ms/adv": 0.00011561015077012303, "prompt_length/clip_ratio": 0, "timing_per_token_ms/update_critic": 0.026333382784445046, "perf/total_num_tokens": 1103783, "global_seqlen/mean": 275945.75, "episode/reward/min": -1.500000238418579, "timing_s/values": 10.596815217053518, "critic/values/min": 0.314453125, "critic/vf_clipfrac": 0.04418770785611871, "global_seqlen/minmax_diff": 15543, "perf/max_memory_reserved_gb": 134.580078125, "timing_s/adv": 0.1276085190474987, "actor/pg_clipfrac": 0.010624886827177502, "critic/score/mean": 4.772655963897705, "critic/score/min": -1.600000262260437, "prompt_length/max": 383, "episode/reward/max": 10.899999618530273, "_timestamp": 1779585477.1741314, "_step": 133, "global_seqlen/balanced_min": 275945, "episode/valid_action_ratio": 0.5011160969734192, "critic/grad_norm": 79.18632653781346, "critic/rewards/max": 10.899999618530273, "actor/pg_loss": -0.0363919992731618, "perf/cpu_memory_used_gb": 227.29558563232422, "critic/score/max": 10.899999618530273, "critic/vf_explained_var": 0.31156933307647705, "episode/tool_call_count/mean": 0, "timing_per_token_ms/ref": 0.012630112391705847, "prompt_length/min": 383, "timing_s/step": 317.0899005350657, "perf/mfu/critic": 0.12903333613709733, "actor/kl_loss": 0.42632734775543213, "actor/lr": 1e-06, "response_length/min": 2, "perf/throughput": 870.244525399144, "actor/entropy_loss": 1.3683059215545654, "critic/advantages/min": -2.588123083114624, "response_length/mean": 232.95033264160156, "response_length/max": 512, "timing_s/reward": 0.27436075219884515, "timing_per_token_ms/update_actor": 0.042343325987920066, "training/rollout_probs_diff_mean": 0.004075957927852869, "perf/mfu/actor": 0, "critic/rewards/mean": 4.772655963897705, "episode/reward/mean": 7.996878623962402, "episode/length/mean": 6.828125, "timing_per_token_ms/values": 0.009600451553478825, "critic/values/max": 10.5, "prompt_length/mean": 383, "training/rollout_probs_diff_std": 0.008001024834811687, "actor/ppo_kl": 0.002081849959097326, "training/epoch": 73, "critic/rewards/min": -1.600000262260437, "critic/returns/max": 10.899999618530273, "episode/length/max": 15, "training/rollout_probs_diff_max": 0.13375532627105713, "critic/vpred_mean": 4.04040308243462, "actor/pg_clipfrac_lower": 0, "critic/advantages/max": 1.9947692155838013, "val/visual/tool_call_count/mean": 0, "val/success_rate": 0.703125, "val/visual/test_score": 3.3157675053568796, "timing_s/testing": 171.65301982220262, "timing_s/save_checkpoint": 17.933603302109987}