{"_runtime": 0.637302033, "response_length/max": 512, "critic/rewards/min": -0.10000000149011612, "perf/total_num_tokens": 4271421, "merged_step": 198, "critic/returns/mean": 0.08251953125, "critic/advantages/mean": 0.0001621246337890625, "critic/values/min": -0.00787353515625, "timing_per_token_ms/ref": 0.006562901592576151, "critic/vf_explained_var": -0.1640625, "timing_s/old_log_prob": 29.679584791883826, "critic/vpred_mean": 0.11521986152123039, "actor/kl_coef": 0.01, "global_seqlen/balanced_max": 1067856, "episode/length/mean": 14.3671875, "timing_s/ref": 28.032915683463216, "episode/tool_call_count/mean": 0, "global_seqlen/min": 1041749, "response_length/clip_ratio": 0.8140624761581421, "critic/values/max": 6.09375, "actor/entropy_loss": 0.6543944478034973, "perf/time_per_step": 514.3673877324909, "training/epoch": 197, "episode/length/max": 15, "critic/rewards/max": 9.899999618530273, "timing_per_token_ms/values": 0.0028771572801835066, "prompt_length/mean": 1734.582275390625, "global_seqlen/minmax_diff": 53649, "timing_per_token_ms/update_critic": 0.011278681659590948, "actor/pg_clipfrac_lower": 0.11875, "critic/grad_norm": 22.530126869678497, "prompt_length/clip_ratio": 0, "episode/length/min": 3, "episode/webshop_task_score (not success_rate)": 0.05598958333333333, "critic/vf_loss": 0.2852271740421808, "critic/rewards/mean": 0.035416603088378906, "actor/kl_loss": 0.10908928513526917, "training/global_step": 198, "global_seqlen/mean": 1067855.25, "critic/values/mean": 0.07373046875, "critic/advantages/max": 13.875, "critic/advantages/min": -6.15625, "step": 198, "critic/returns/max": 10, "actor/grad_norm": 0.3545627167914063, "critic/lr": 1e-05, "perf/throughput": 2076.0555110374994, "global_seqlen/max": 1095398, "prompt_length/min": 169, "timing_s/values": 12.289550026878715, "episode/reward/min": 0, "timing_s/reward": 0.8963551912456751, "episode/valid_action_ratio": 0, "training/rollout_probs_diff_std": 0.011186582036316395, "timing_s/gen": 280.07008960843086, "timing_per_token_ms/gen": 0.297623001359617, "timing_s/update_critic": 48.17599769309163, "timing_per_token_ms/update_actor": 0.026861824864578804, "training/rollout_probs_diff_mean": 0.005972156301140785, "prompt_length/max": 2749, "timing_s/step": 514.3673877324909, "critic/score/mean": 0.035416603088378906, "perf/max_memory_reserved_gb": 204.87890625, "perf/cpu_memory_used_gb": 387.687744140625, "actor/lr": 1e-06, "perf/mfu/actor": 0.2907911679212906, "critic/returns/min": 0, "episode/reward/mean": 0.234375, "perf/max_memory_allocated_gb": 149.14325523376465, "timing_s/update_actor": 114.73816282488406, "critic/score/max": 9.899999618530273, "critic/vf_clipfrac": 0, "perf/mfu/critic": 0.31261598947528935, "_step": 198, "response_length/min": 91, "actor/pg_loss": -0.00010051831898939175, "global_seqlen/balanced_min": 1067855, "episode/reward/max": 10, "critic/score/min": -0.10000000149011612, "_timestamp": 1780997949.9072564, "response_length/mean": 490.11614990234375, "timing_per_token_ms/adv": 4.585947479422008e-05, "actor/pg_clipfrac": 0.4666666666666667, "actor/ppo_kl": 0.0008201440565850741, "training/rollout_probs_diff_max": 0.37640029191970825, "timing_s/adv": 0.19588512368500233, "episode/success_rate": 0.0234375, "val/text/test_score": 0.01607717041800643, "val/text/tool_call_count/mean": 0, "timing_s/testing": 279.32947276346385, "val/webshop_task_score (not success_rate)": 0.03459201388888889, "val/success_rate": 0.0078125, "timing_s/save_checkpoint": 18.1770008392632}