{"_runtime": 21009.95358173, "critic/grad_norm": 46.613440132141115, "response_length/min": 19, "episode/length/max": 15, "timing_s/adv": 0.20174411102198064, "perf/total_num_tokens": 2117241, "global_seqlen/min": 526861, "training/rollout_probs_diff_mean": 0.003927002195268869, "actor/pg_loss": -0.02877084312753545, "perf/max_memory_allocated_gb": 96.76774072647095, "critic/advantages/mean": -1.956055406537871e-08, "episode/length/mean": 11.03125, "episode/length/min": 1, "timing_per_token_ms/gen": 0.2297530549970711, "critic/advantages/max": 3.915550947189331, "response_length/clip_ratio": 0.37708333134651184, "timing_s/values": 16.38365713902749, "timing_per_token_ms/update_actor": 0.05414100267699954, "global_seqlen/balanced_max": 529311, "critic/lr": 1e-05, "training/global_step": 73, "timing_s/update_actor": 114.62955064885318, "timing_s/step": 499.53563385782763, "critic/vf_clipfrac": 0.14187070407949956, "critic/score/mean": 0.04604144021868706, "critic/advantages/min": -3.262183904647827, "critic/returns/max": 10.899999618530273, "critic/returns/min": -1.6000003814697266, "critic/values/mean": -0.365234375, "critic/vf_explained_var": 0.2573789358139038, "response_length/max": 512, "actor/entropy_loss": 3.8220741748809814, "prompt_length/mean": 383, "episode/tool_call_count/mean": 0, "timing_per_token_ms/ref": 0.011157918268152725, "actor/pg_clipfrac_lower": 0, "timing_s/ref": 23.624002031981945, "perf/throughput": 1059.6045889904353, "global_seqlen/mean": 529310.25, "critic/returns/mean": -0.47323155403137207, "timing_s/reward": 0.5212367691565305, "episode/valid_action_ratio": 0.46562498807907104, "critic/vpred_mean": -0.21184511668074668, "critic/values/max": 8.875, "episode/reward/mean": 2.8929686546325684, "perf/time_per_step": 499.53563385782763, "actor/grad_norm": 1.3415783133771684, "training/epoch": 43, "prompt_length/max": 383, "timing_s/old_log_prob": 61.194258274976164, "timing_s/update_critic": 48.32101011485793, "perf/mfu/critic": 0.14927026630652443, "critic/score/min": -1.600000262260437, "critic/rewards/min": -1.600000262260437, "prompt_length/min": 383, "timing_s/gen": 233.01577813108452, "timing_per_token_ms/values": 0.007738210784236415, "global_seqlen/max": 532397, "actor/ppo_kl": 0.0021932691231389373, "perf/mfu/actor": 0, "critic/rewards/mean": 0.04604144021868706, "critic/values/min": -0.96875, "prompt_length/clip_ratio": 0, "_timestamp": 1779551593.427959, "_step": 73, "actor/kl_coef": 0.01, "actor/pg_clipfrac": 0.011541702037276183, "critic/score/max": 10.899999618530273, "response_length/mean": 352.15313720703125, "critic/vf_loss": 9.562844040575955, "actor/kl_loss": 0.332368940114975, "training/rollout_probs_diff_max": 0.554599940776825, "perf/cpu_memory_used_gb": 230.03460311889648, "actor/lr": 1e-06, "episode/reward/min": -1.500000238418579, "episode/success_rate": 0.36328125, "perf/max_memory_reserved_gb": 139.30859375, "global_seqlen/balanced_min": 529310, "training/rollout_probs_diff_std": 0.007560086436569691, "critic/rewards/max": 10.899999618530273, "episode/reward/max": 10.899999618530273, "timing_per_token_ms/update_critic": 0.022822631015958, "timing_per_token_ms/adv": 9.52863235795928e-05, "global_seqlen/minmax_diff": 5536, "val/visual/tool_call_count/mean": 0, "timing_s/testing": 170.94612484704703, "val/success_rate": 0.25, "val/visual/test_score": -0.6520002217446604, "timing_s/save_checkpoint": 18.810898644151166}