{"_runtime": 0.197585647, "prompt_length/clip_ratio": 0, "response_length/min": 286, "episode/webshop_task_score (not success_rate)": 0.09461805555555555, "critic/returns/mean": -0.008782889693975449, "response_length/max": 512, "timing_per_token_ms/adv": 5.023710528571295e-05, "_timestamp": 1780999741.5958853, "critic/advantages/max": 0.48193150758743286, "global_seqlen/minmax_diff": 32360, "perf/cpu_memory_used_gb": 462.5358772277832, "critic/score/max": 10, "critic/returns/min": -11.2684907913208, "prompt_length/max": 2439, "timing_s/reward": 0.8244267236441374, "training/global_step": 198, "global_seqlen/max": 791776, "training/rollout_probs_diff_std": 0.012790648266673088, "prompt_length/min": 177, "actor/pg_clipfrac": 0.005018742181294199, "episode/reward/max": 10, "actor/kl_loss": 0.1737668514251709, "perf/throughput": 1968.3888278813492, "perf/time_per_step": 395.2633691979572, "critic/returns/max": 0.48193150758743286, "step": 198, "global_seqlen/balanced_min": 778032, "response_length/clip_ratio": 0.0033482143189758062, "episode/reward/mean": 0.46875, "critic/rewards/min": -0.10000000149011612, "actor/entropy_loss": 0.5703284740447998, "timing_s/update_actor": 82.33495546039194, "perf/max_memory_allocated_gb": 140.68846940994263, "critic/score/mean": 0.13911829888820648, "critic/rewards/max": 10, "episode/length/min": 3, "episode/success_rate": 0.046875, "episode/length/mean": 13.2265625, "actor/ppo_kl": 0.00178616697940015, "timing_s/old_log_prob": 20.731769489124417, "timing_s/ref": 20.176277900114655, "critic/advantages/min": -11.2684907913208, "timing_per_token_ms/gen": 0.37771870551855785, "actor/pg_clipfrac_lower": 0, "actor/grad_norm": 0.5400362185069493, "global_seqlen/mean": 778032, "global_seqlen/balanced_max": 778032, "merged_step": 198, "_step": 198, "training/rollout_probs_diff_mean": 0.006631501950323582, "timing_per_token_ms/update_actor": 0.02645615972748934, "critic/rewards/mean": 0.13911829888820648, "actor/lr": 1e-06, "critic/score/min": -0.10000000149011612, "timing_s/step": 395.2633691979572, "actor/pg_loss": 0.009973192005418241, "response_length/mean": 400.0100402832031, "global_seqlen/min": 759416, "actor/kl_coef": 0.01, "critic/advantages/mean": -0.008782889693975449, "training/epoch": 197, "perf/max_memory_reserved_gb": 206.193359375, "timing_s/gen": 270.7555670524016, "episode/reward/min": 0, "episode/valid_action_ratio": 0.99609375, "training/rollout_probs_diff_max": 0.352019339799881, "perf/mfu/actor": 0.28536593375447794, "episode/tool_call_count/mean": 0, "episode/length/max": 15, "timing_s/adv": 0.15634430199861526, "timing_per_token_ms/ref": 0.006483113130345107, "prompt_length/mean": 1336.6685791015625, "perf/total_num_tokens": 3112128, "val/success_rate": 0.0859375, "timing_s/testing": 262.69670567754656, "val/text/test_score": 0.5183946488294314, "val/webshop_task_score (not success_rate)": 0.11215897817460317, "val/text/tool_call_count/mean": 0, "timing_s/save_checkpoint": 13.89767047483474}