{"_runtime": 7352.14446329, "global_seqlen/max": 434645, "actor/pg_clipfrac": 0.02079153856228492, "actor/ppo_kl": 0.0034977357240788434, "actor/pg_clipfrac_lower": 1.8034848702571743e-05, "perf/mfu/actor": 0, "critic/rewards/mean": -0.10106721520423889, "timing_s/old_log_prob": 21.392825084971264, "response_length/mean": 256.91082763671875, "global_seqlen/balanced_min": 419781, "training/rollout_probs_diff_max": 0.31058961153030396, "episode/valid_action_ratio": 0.7210366129875183, "critic/vf_loss": 13.987962783496009, "actor/kl_loss": 0.322110652923584, "critic/values/max": -0.48046875, "actor/entropy_loss": 1.5824435949325562, "critic/score/mean": -0.10106721520423889, "critic/score/min": -1.600000262260437, "critic/advantages/mean": -2.9509927834681093e-09, "response_length/clip_ratio": 0.12233231961727142, "prompt_length/min": 383, "episode/reward/mean": 3.458984613418579, "timing_s/step": 377.7895237400662, "critic/grad_norm": 78.75456532617895, "training/epoch": 13, "critic/score/max": 10.899999618530273, "critic/advantages/min": -0.4982284903526306, "timing_per_token_ms/update_actor": 0.043015305818064065, "perf/time_per_step": 377.7895237400662, "critic/returns/max": 10.899999618530273, "actor/grad_norm": 1.5729318624589501, "critic/returns/min": -1.600000262260437, "episode/success_rate": 0.40625, "_timestamp": 1779528958.0433252, "global_seqlen/balanced_max": 419782, "perf/mfu/critic": 0.12710306435897806, "actor/pg_loss": -0.04586941974163737, "critic/values/mean": -1.0390625, "timing_s/update_critic": 45.2270447590854, "timing_per_token_ms/adv": 0.00011807383294790988, "training/rollout_probs_diff_std": 0.0098237544298172, "actor/lr": 1e-06, "episode/reward/max": 10.899999618530273, "timing_s/values": 16.195656327996403, "timing_s/adv": 0.19826084282249212, "perf/total_num_tokens": 1679126, "critic/values/min": -1.2890625, "training/rollout_probs_diff_mean": 0.006005044560879469, "critic/vpred_mean": -0.7498002963867493, "training/global_step": 43, "prompt_length/mean": 383, "perf/cpu_memory_used_gb": 207.69931030273438, "episode/length/mean": 10.09765625, "timing_per_token_ms/ref": 0.012441444218043905, "timing_per_token_ms/gen": 0.29665386803648763, "_step": 43, "critic/vf_clipfrac": 0.03612253554811326, "perf/max_memory_allocated_gb": 95.03839159011841, "prompt_length/clip_ratio": 0, "timing_s/gen": 199.98445867490955, "timing_s/reward": 0.4255580340977758, "global_seqlen/min": 409597, "perf/max_memory_reserved_gb": 129.603515625, "critic/rewards/min": -1.600000262260437, "perf/throughput": 1111.151775317163, "critic/rewards/max": 10.899999618530273, "critic/advantages/max": 3.366351366043091, "response_length/max": 512, "timing_s/update_actor": 72.22811839706264, "actor/kl_coef": 0.01, "response_length/min": 2, "timing_s/ref": 20.89075246406719, "global_seqlen/mean": 419781.5, "critic/lr": 1e-05, "prompt_length/max": 383, "episode/reward/min": -1.500000238418579, "episode/length/max": 15, "episode/length/min": 1, "episode/tool_call_count/mean": 0, "global_seqlen/minmax_diff": 25048, "critic/returns/mean": -0.4368586242198944, "critic/vf_explained_var": 0.0383792519569397, "timing_per_token_ms/update_critic": 0.026934872522422618, "timing_per_token_ms/values": 0.009645289470829706, "timing_s/testing": 165.87144820997491, "val/visual/test_score": 0.042048316438885715, "val/success_rate": 0.328125, "val/visual/tool_call_count/mean": 0}