{"_runtime": 0.139554056, "critic/rewards/max": 10, "_step": 44, "actor/kl_coef": 0.01, "critic/returns/min": -0.10000038146972656, "actor/kl_loss": 0.07734072953462601, "prompt_length/clip_ratio": 0, "perf/mfu/actor": 0.27875875286434715, "critic/returns/max": 10, "actor/pg_clipfrac_lower": 4.394938008683711e-05, "actor/lr": 1e-06, "critic/rewards/mean": 0.9723321795463562, "episode/look_at_obj_in_light_success_rate": 0.2, "critic/lr": 1e-05, "_timestamp": 1780999743.9146235, "episode/reward/min": 0, "global_seqlen/min": 1106552, "global_seqlen/max": 1179593, "global_seqlen/balanced_max": 1136046, "training/rollout_probs_diff_max": 0.9994238615036011, "critic/values/mean": 0.412109375, "timing_s/adv": 0.323832883965224, "timing_s/values": 13.686577273067087, "episode/success_rate": 0.28125, "critic/values/max": 11.6875, "episode/tool_call_count/mean": 0, "timing_per_token_ms/adv": 7.126315394914115e-05, "actor/entropy_loss": 0.4609684348106384, "episode/pick_cool_then_place_in_recep_success_rate": 0.05, "merged_step": 44, "timing_per_token_ms/ref": 0.006188167009286493, "perf/total_num_tokens": 4544184, "prompt_length/max": 1063, "critic/vf_explained_var": 0.4268980026245117, "timing_per_token_ms/update_actor": 0.025533003079774005, "training/rollout_probs_diff_mean": 0.007874700240790844, "timing_s/update_critic": 51.40888579492457, "critic/advantages/mean": -3.323975050761874e-08, "critic/vf_loss": 5.260394507743668, "critic/grad_norm": 71.14368904204596, "perf/max_memory_reserved_gb": 176.140625, "timing_s/ref": 28.120169512927532, "episode/valid_action_ratio": 0.03353658691048622, "critic/vpred_mean": 0.45634094160050154, "timing_s/gen": 453.0076417911332, "prompt_length/mean": 492.6680603027344, "perf/mfu/critic": 0.2881704754202403, "perf/time_per_step": 693.2270269659348, "training/epoch": 43, "critic/vf_clipfrac": 0.0952760512782999, "timing_s/step": 693.2270269659348, "prompt_length/min": 234, "step": 44, "timing_per_token_ms/values": 0.0030118888832554066, "critic/rewards/min": -0.10000000149011612, "training/rollout_probs_diff_std": 0.015789655968546867, "response_length/min": 1, "episode/pick_heat_then_place_in_recep_success_rate": 0.16666666666666666, "perf/max_memory_allocated_gb": 123.01563835144043, "critic/score/min": -0.10000000149011612, "perf/cpu_memory_used_gb": 144.70937728881836, "episode/pick_clean_then_place_in_recep_success_rate": 0.16129032258064516, "timing_s/old_log_prob": 29.07436742191203, "timing_per_token_ms/gen": 0.2312842347434796, "episode/reward/max": 10, "actor/pg_loss": -0.022455356719835503, "response_length/max": 512, "timing_s/reward": 1.049974318826571, "episode/length/min": 4, "global_seqlen/balanced_min": 1136046, "actor/pg_clipfrac": 0.015583504559245051, "critic/score/max": 10, "response_length/mean": 373.22064208984375, "response_length/clip_ratio": 0.2179878056049347, "training/global_step": 44, "episode/length/mean": 40.234375, "episode/pick_and_place_success_rate": 0.7741935483870968, "actor/ppo_kl": 0.0018558300827111252, "episode/reward/mean": 2.8125, "timing_s/update_actor": 116.02666406705976, "critic/score/mean": 0.9723321795463562, "critic/returns/mean": 0.8802587985992432, "global_seqlen/mean": 1136046.0, "critic/advantages/max": 4.450145721435547, "actor/grad_norm": 0.9830586214860281, "critic/values/min": -0.6484375, "perf/throughput": 1638.77915287314, "critic/advantages/min": -4.646115303039551, "timing_per_token_ms/update_critic": 0.011313117117380056, "episode/pick_two_obj_and_place_success_rate": 0.05555555555555555, "global_seqlen/minmax_diff": 73041, "episode/length/max": 50, "val/pick_clean_then_place_in_recep_success_rate": 0.17857142857142858, "val/pick_heat_then_place_in_recep_success_rate": 0.18181818181818182, "val/look_at_obj_in_light_success_rate": 0.2, "val/success_rate": 0.328125, "val/text/test_score": 1.596638655462185, "val/pick_and_place_success_rate": 0.7857142857142857, "val/pick_cool_then_place_in_recep_success_rate": 0.3333333333333333, "timing_s/testing": 456.5928832949139, "val/pick_two_obj_and_place_success_rate": 0.13333333333333333, "val/text/tool_call_count/mean": 0, "timing_s/save_checkpoint": 15.916148006916046}