{"_runtime": 10509.296794795, "global_seqlen/balanced_max": 449960, "global_seqlen/mean": 449960, "critic/rewards/mean": -1.0222258567810059, "timing_per_token_ms/ref": 0.01397504200845101, "training/rollout_probs_diff_std": 0.013933408074080944, "perf/cpu_memory_used_gb": 216.92078018188477, "actor/lr": 1e-06, "critic/score/mean": -1.0222258567810059, "global_seqlen/minmax_diff": 2830, "episode/valid_action_ratio": 0.9859693646430969, "_step": 28, "global_seqlen/balanced_min": 449960, "training/rollout_probs_diff_max": 0.4997096061706543, "actor/pg_loss": 0.08150931294563188, "response_length/max": 512, "prompt_length/mean": 383, "timing_s/ref": 25.152839608490467, "critic/score/min": -1.600000262260437, "critic/advantages/min": -11.404945373535156, "response_length/clip_ratio": 0.0066964286379516125, "episode/reward/mean": 1.2367182970046997, "episode/length/min": 1, "timing_s/adv": 1.5766854882240295, "timing_per_token_ms/adv": 0.0008760142502800413, "actor/pg_clipfrac": 0.032302467442326704, "critic/returns/mean": 0.0005633752443827689, "critic/returns/max": 20.276100158691406, "episode/length/max": 15, "perf/max_memory_reserved_gb": 125.681640625, "critic/score/max": 10.899999618530273, "critic/returns/min": -11.404945373535156, "prompt_length/max": 383, "episode/reward/min": -1.500000238418579, "response_length/mean": 190.92857360839844, "episode/length/mean": 12.125, "timing_s/update_actor": 82.07651611790061, "perf/total_num_tokens": 1799840, "global_seqlen/min": 448762, "training/epoch": 27, "critic/rewards/max": 10.899999618530273, "episode/reward/max": 10.899999618530273, "timing_s/old_log_prob": 25.75972419604659, "perf/time_per_step": 331.5605905354023, "critic/advantages/max": 20.276100158691406, "response_length/min": 97, "prompt_length/clip_ratio": 0, "timing_s/gen": 195.2616597637534, "timing_s/reward": 0.4771443344652653, "actor/kl_loss": 0.16182532906532288, "actor/kl_coef": 0.01, "critic/rewards/min": -1.600000262260437, "actor/pg_clipfrac_lower": 1.2895823527621675e-05, "training/global_step": 28, "perf/throughput": 1357.0973536794797, "_timestamp": 1779483388.9539974, "critic/advantages/mean": 0.0005633752443827689, "episode/tool_call_count/mean": 0, "timing_s/step": 331.5605905354023, "training/rollout_probs_diff_mean": 0.007519364822655916, "perf/mfu/actor": 0, "episode/success_rate": 0.22265625, "global_seqlen/max": 451592, "actor/ppo_kl": 0.005286896218041541, "actor/grad_norm": 2.0823483041354587, "timing_per_token_ms/update_actor": 0.04560211803154759, "actor/entropy_loss": 0.5480104088783264, "perf/max_memory_allocated_gb": 103.3198413848877, "prompt_length/min": 383, "timing_per_token_ms/gen": 0.326114417594853, "timing_s/testing": 148.3355800807476, "val/visual/test_score": -1.1146837756603578, "val/visual/tool_call_count/mean": 0, "val/success_rate": 0.203125, "timing_s/save_checkpoint": 14.10592870414257}