{"_runtime": 85347.35471813, "global_seqlen/balanced_max": 1112033, "perf/max_memory_allocated_gb": 143.1042184829712, "episode/reward/mean": 4.21875, "training/rollout_probs_diff_max": 0.48168811202049255, "episode/tool_call_count/mean": 0, "timing_s/update_actor": 108.89206728711724, "episode/valid_action_ratio": 0.9987664222717285, "actor/pg_loss": 0.009915296919643879, "perf/mfu/actor": 0.29150378115884257, "global_seqlen/min": 1049020, "episode/reward/max": 10, "episode/pick_heat_then_place_in_recep_success_rate": 0.46875, "actor/kl_loss": 0.20955206453800201, "critic/rewards/max": 10, "critic/advantages/max": 3.1317906379699707, "critic/returns/max": 3.1317906379699707, "episode/pick_two_obj_and_place_success_rate": 0.40625, "timing_s/reward": 0.9442328326404095, "_timestamp": 1779678081.5215166, "actor/ppo_kl": 0.002683025670672865, "training/global_step": 145, "critic/score/max": 10, "critic/returns/min": -20.045970916748047, "response_length/max": 512, "prompt_length/min": 309, "prompt_length/clip_ratio": 0, "perf/total_num_tokens": 4448131, "actor/kl_coef": 0.01, "perf/max_memory_reserved_gb": 214.279296875, "response_length/clip_ratio": 0.0014391447184607387, "episode/success_rate": 0.421875, "timing_s/step": 984.5245824754238, "global_seqlen/minmax_diff": 161604, "global_seqlen/balanced_min": 1112032, "training/rollout_probs_diff_mean": 0.006639193743467331, "episode/length/min": 4, "critic/rewards/mean": 2.318955659866333, "critic/advantages/mean": -0.013500099070370197, "response_length/min": 158, "episode/length/max": 50, "perf/time_per_step": 984.5245824754238, "actor/grad_norm": 0.6310798957159645, "perf/cpu_memory_used_gb": 157.7573471069336, "actor/lr": 1e-06, "critic/rewards/min": -0.10000000149011612, "global_seqlen/mean": 1112032.75, "actor/pg_clipfrac_lower": 2.3821661383599827e-06, "training/epoch": 130, "critic/score/min": -0.10000000149011612, "critic/advantages/min": -20.045970916748047, "timing_s/old_log_prob": 28.636957481503487, "timing_per_token_ms/adv": 7.022139353459451e-05, "actor/entropy_loss": 0.6343406438827515, "training/rollout_probs_diff_std": 0.012473386712372303, "critic/returns/mean": -0.013500099070370197, "prompt_length/mean": 560.2339477539062, "episode/pick_clean_then_place_in_recep_success_rate": 0, "timing_s/gen": 420.1815136875957, "timing_per_token_ms/gen": 0.24384457659162925, "actor/pg_clipfrac": 0.012609214601597111, "timing_per_token_ms/update_actor": 0.024480409252136962, "_step": 145, "global_seqlen/max": 1210624, "critic/score/mean": 2.318955659866333, "prompt_length/max": 1078, "episode/length/mean": 37.640625, "episode/look_at_obj_in_light_success_rate": 0.625, "episode/pick_and_place_success_rate": 0.875, "timing_s/ref": 28.22303558513522, "timing_per_token_ms/ref": 0.006344920054093556, "response_length/mean": 354.26666259765625, "episode/reward/min": 0, "timing_s/adv": 0.3123539574444294, "perf/throughput": 1129.5124263977016, "episode/pick_cool_then_place_in_recep_success_rate": 0, "val/success_rate": 0.4765625, "val/pick_clean_then_place_in_recep_success_rate": 0.2692307692307692, "val/text/tool_call_count/mean": 0, "val/pick_cool_then_place_in_recep_success_rate": 0.32, "val/pick_two_obj_and_place_success_rate": 0.5, "val/pick_heat_then_place_in_recep_success_rate": 0.35714285714285715, "val/text/test_score": 2.254335260115607, "val/pick_and_place_success_rate": 0.7666666666666667, "val/look_at_obj_in_light_success_rate": 0.6363636363636364, "timing_s/testing": 396.86278055235744, "timing_s/save_checkpoint": 12.579451156780124}