{"_runtime": 4019.461322215, "global_seqlen/mean": 180035.5, "global_seqlen/max": 183788, "actor/entropy_loss": 0.559138834476471, "actor/kl_coef": 0.01, "perf/max_memory_reserved_gb": 122.08203125, "critic/rewards/max": 10.899999618530273, "critic/advantages/min": -16.060176849365234, "prompt_length/clip_ratio": 0, "timing_s/old_log_prob": 10.889756180346012, "global_seqlen/min": 176076, "global_seqlen/minmax_diff": 7712, "global_seqlen/balanced_min": 180035, "critic/advantages/max": 20.576618194580078, "episode/reward/mean": 8.996882438659668, "timing_s/ref": 10.097463350743055, "prompt_length/mean": 383, "actor/grad_norm": 3.255804847180843, "perf/max_memory_allocated_gb": 102.23598146438599, "critic/score/max": 10.899999618530273, "critic/rewards/mean": 5.578906059265137, "critic/advantages/mean": -0.09103094041347504, "training/rollout_probs_diff_mean": 0.003728922689333558, "actor/pg_loss": 0.41775907431282205, "episode/tool_call_count/mean": 0, "perf/time_per_step": 250.0912097506225, "_step": 148, "training/epoch": 13, "response_length/max": 479, "response_length/clip_ratio": 0, "prompt_length/min": 383, "actor/lr": 1e-06, "critic/rewards/min": -1.600000262260437, "critic/returns/mean": -0.09103094041347504, "critic/returns/min": -16.060176849365234, "episode/success_rate": 0.86328125, "timing_s/adv": 1.027606625109911, "actor/pg_clipfrac": 0.013990035312599503, "critic/score/min": -1.600000262260437, "episode/length/mean": 4.9921875, "timing_s/update_actor": 33.19101497903466, "timing_per_token_ms/adv": 0.0014269499975142555, "actor/kl_loss": 0.4114589989185333, "prompt_length/max": 383, "_timestamp": 1779742760.4578831, "timing_s/reward": 0.18656649813055992, "response_length/mean": 179.61093139648438, "timing_per_token_ms/ref": 0.014021489304530295, "global_seqlen/balanced_max": 180036, "training/rollout_probs_diff_std": 0.008300616405904293, "perf/mfu/actor": 0, "perf/throughput": 719.8793599324091, "episode/reward/max": 10.899999618530273, "timing_s/gen": 194.15237464755774, "actor/pg_clipfrac_lower": 4.5288879482541235e-05, "critic/score/mean": 5.578906059265137, "critic/returns/max": 20.576618194580078, "timing_per_token_ms/gen": 0.8445005900233914, "training/global_step": 148, "episode/length/min": 1, "actor/ppo_kl": 0.003055235600186279, "perf/cpu_memory_used_gb": 188.80900192260742, "response_length/min": 98, "episode/length/max": 15, "timing_s/step": 250.0912097506225, "training/rollout_probs_diff_max": 0.18163776397705078, "episode/valid_action_ratio": 0.9945312738418579, "episode/reward/min": -1.500000238418579, "timing_per_token_ms/update_actor": 0.046089542033424885, "perf/total_num_tokens": 720142, "val/success_rate": 0.734375, "val/visual/tool_call_count/mean": 0, "timing_s/testing": 148.9702167995274, "val/visual/test_score": 3.2035797916903985}