{"_runtime": 76595.520268497, "critic/advantages/min": -10.048603057861328, "critic/returns/min": -10.048603057861328, "timing_s/old_log_prob": 19.94562467560172, "global_seqlen/balanced_max": 787594, "episode/pick_heat_then_place_in_recep_success_rate": 0.9166666666666666, "_step": 150, "critic/returns/max": 3.9359452724456787, "training/global_step": 150, "critic/rewards/mean": 4.968113422393799, "critic/advantages/mean": -0.011923626996576786, "response_length/clip_ratio": 0.0005787037080153823, "episode/length/mean": 26.3203125, "episode/length/min": 4, "episode/valid_action_ratio": 0.9994212985038757, "critic/advantages/max": 3.9359452724456787, "training/rollout_probs_diff_std": 0.01364945899695158, "actor/kl_loss": 0.26833829283714294, "actor/lr": 1e-06, "critic/score/max": 10, "response_length/min": 184, "episode/reward/mean": 7.34375, "timing_s/step": 932.1247846968472, "timing_per_token_ms/ref": 0.006186979816800317, "episode/tool_call_count/mean": 0, "episode/pick_clean_then_place_in_recep_success_rate": 0, "timing_s/gen": 408.1189811639488, "timing_s/adv": 0.2909446284174919, "perf/time_per_step": 932.1247846968472, "_timestamp": 1779669848.419173, "actor/entropy_loss": 0.3883819878101349, "perf/mfu/actor": 0.30116922487185577, "critic/score/min": 0, "response_length/max": 512, "timing_s/reward": 0.6681344248354435, "global_seqlen/mean": 787594, "training/rollout_probs_diff_max": 0.47441208362579346, "actor/ppo_kl": 0.0017703145924854282, "episode/pick_and_place_success_rate": 1, "timing_s/ref": 19.491312727332115, "actor/pg_loss": 0.008512746508198756, "actor/grad_norm": 1.1450943563665663, "actor/kl_coef": 0.01, "perf/max_memory_allocated_gb": 143.332754611969, "perf/max_memory_reserved_gb": 214.134765625, "critic/rewards/min": 0, "response_length/mean": 346.5474548339844, "prompt_length/mean": 565.0196533203125, "prompt_length/clip_ratio": 0, "episode/pick_two_obj_and_place_success_rate": 0.675, "critic/returns/mean": -0.011923626996576786, "timing_s/update_actor": 74.60923356190324, "timing_per_token_ms/adv": 9.235235045514945e-05, "perf/throughput": 844.9448109634242, "timing_per_token_ms/update_actor": 0.023682644091341236, "perf/total_num_tokens": 3150376, "global_seqlen/max": 820123, "training/rollout_probs_diff_mean": 0.00600930443033576, "prompt_length/max": 1054, "prompt_length/min": 257, "episode/reward/min": 0, "timing_per_token_ms/gen": 0.34076136388711126, "perf/cpu_memory_used_gb": 149.1789436340332, "critic/score/mean": 4.968113422393799, "episode/reward/max": 10, "episode/length/max": 50, "episode/success_rate": 0.734375, "episode/look_at_obj_in_light_success_rate": 0.875, "global_seqlen/min": 763653, "actor/pg_clipfrac": 0.007716338456332407, "training/epoch": 120, "global_seqlen/minmax_diff": 56470, "global_seqlen/balanced_min": 787594, "actor/pg_clipfrac_lower": 1.0071740824194555e-05, "critic/rewards/max": 10, "episode/pick_cool_then_place_in_recep_success_rate": 0.625, "val/text/test_score": 2.6172898309121218, "val/look_at_obj_in_light_success_rate": 0.6, "val/pick_and_place_success_rate": 0.8275862068965517, "val/text/tool_call_count/mean": 0, "timing_s/testing": 396.0619099698961, "val/pick_two_obj_and_place_success_rate": 0.6363636363636364, "val/success_rate": 0.515625, "val/pick_clean_then_place_in_recep_success_rate": 0.2631578947368421, "val/pick_heat_then_place_in_recep_success_rate": 0.23529411764705882, "val/pick_cool_then_place_in_recep_success_rate": 0.41935483870967744, "timing_s/save_checkpoint": 12.508775405585766}