{"_runtime": 21309.893316479, "training/rollout_probs_diff_max": 0.3839779198169708, "training/rollout_probs_diff_mean": 0.004090943373739719, "episode/valid_action_ratio": 0, "actor/grad_norm": 0.7313953676762489, "perf/mfu/actor": 0, "actor/lr": 1e-06, "training/global_step": 148, "response_length/mean": 78.61257934570312, "episode/length/min": 1, "episode/success_rate": 0.4453125, "actor/kl_coef": 0.01, "prompt_length/max": 383, "timing_s/ref": 16.10804374795407, "timing_s/update_critic": 38.95003017410636, "timing_per_token_ms/values": 0.012043563833813742, "critic/grad_norm": 68.24175348648659, "actor/pg_clipfrac_lower": 0.019230769230769232, "perf/max_memory_reserved_gb": 119.9140625, "episode/length/mean": 9.66015625, "episode/tool_call_count/mean": 0, "perf/throughput": 851.6846129724652, "global_seqlen/minmax_diff": 28829, "actor/kl_loss": 0.3557799458503723, "critic/returns/min": -0.10009765625, "timing_s/adv": 0.19517808314412832, "perf/time_per_step": 338.2076482451521, "_timestamp": 1779614402.1678417, "critic/rewards/max": 10.799999237060547, "response_length/clip_ratio": 0.0572916679084301, "prompt_length/clip_ratio": 0, "global_seqlen/balanced_min": 288046, "training/rollout_probs_diff_std": 0.007960611954331398, "critic/rewards/mean": 0.10548849403858185, "critic/advantages/min": -0.21875, "critic/advantages/mean": -0.00555419921875, "episode/reward/max": 10.899999618530273, "timing_s/values": 13.876413595862687, "perf/total_num_tokens": 1152185, "critic/vf_clipfrac": 0.1859527974417851, "actor/pg_loss": -0.12279255724775467, "perf/max_memory_allocated_gb": 96.2534499168396, "critic/vf_explained_var": 0.15625, "response_length/min": 2, "prompt_length/min": 383, "episode/reward/min": -1.500000238418579, "timing_per_token_ms/update_actor": 0.05034680351940022, "global_seqlen/mean": 288046.25, "actor/ppo_kl": 0.03991862564371564, "critic/score/mean": 0.10548849403858185, "prompt_length/mean": 383, "timing_s/reward": 0.34071966796182096, "timing_s/old_log_prob": 17.329421505099162, "global_seqlen/balanced_max": 288047, "critic/returns/mean": 0.1787109375, "critic/values/min": 0.0218505859375, "timing_per_token_ms/ref": 0.013980431743126381, "timing_per_token_ms/adv": 0.0001693982156894321, "timing_per_token_ms/update_critic": 0.03380536126933293, "_step": 148, "global_seqlen/min": 275668, "critic/lr": 1e-05, "training/epoch": 58, "critic/score/min": -1.600000262260437, "critic/rewards/min": -1.600000262260437, "response_length/max": 512, "episode/length/max": 15, "timing_s/step": 338.2076482451521, "global_seqlen/max": 304497, "critic/vf_loss": 8.342320173513144, "critic/returns/max": 20.875, "critic/values/max": 3.734375, "timing_per_token_ms/gen": 0.977719060280358, "actor/entropy_loss": 2.8101396560668945, "perf/mfu/critic": 0.09892280809143394, "perf/cpu_memory_used_gb": 227.8350715637207, "critic/score/max": 10.799999237060547, "critic/advantages/max": 16.125, "episode/reward/mean": 3.932419776916504, "timing_s/gen": 191.84510085103102, "timing_s/update_actor": 58.00883181300014, "critic/vpred_mean": 1.0351296793266487, "actor/pg_clipfrac": 0.44871794871794873, "critic/values/mean": 0.2294921875, "val/success_rate": 0.421875, "val/visual/test_score": -0.0571430520405845, "timing_s/testing": 104.5787475630641, "val/visual/tool_call_count/mean": 0, "timing_s/save_checkpoint": 18.197780746035278}